frac_removed,gcc_frac,V,Lambda,Rect,motif_drift
0.0,0.918918918918919,0.14720812182741116,0.8324873096446701,0.02030456852791878,0.0
0.05405405405405406,0.17142857142857143,0.6428571428571429,0.35714285714285715,0.0,0.4956490210297317
0.10810810810810811,0.12121212121212122,0.6666666666666666,0.3333333333333333,0.0,0.5194585448392556
0.16216216216216217,0.0967741935483871,1.0,0.0,0.0,0.852791878172589
0.21621621621621623,0.06896551724137931,0.0,0.0,0.0,1.0
0.2702702702702703,0.07407407407407407,0.0,0.0,0.0,1.0
0.32432432432432434,0.08,0.0,0.0,0.0,1.0
0.3783783783783784,0.08695652173913043,0.0,0.0,0.0,1.0
0.43243243243243246,0.09523809523809523,0.0,0.0,0.0,1.0
0.4864864864864865,0.10526315789473684,0.0,0.0,0.0,1.0
0.5405405405405406,0.0,0.0,0.0,0.0,1.0
0.5945945945945946,0.0,0.0,0.0,0.0,1.0
0.6,0.0,0.0,0.0,0.0,1.0
