frac_removed,gcc_frac,V,Lambda,Rect,motif_drift
0.0,0.7,0.028985507246376812,0.9710144927536232,0.0,0.0
0.05,0.21052631578947367,0.5,0.5,0.0,0.47101449275362317
0.1,0.1111111111111111,0.0,0.0,0.0,1.0
0.15,0.11764705882352941,0.0,0.0,0.0,1.0
0.2,0.125,0.0,0.0,0.0,1.0
0.25,0.0,0.0,0.0,0.0,1.0
0.3,0.0,0.0,0.0,0.0,1.0
0.35,0.0,0.0,0.0,0.0,1.0
0.4,0.0,0.0,0.0,0.0,1.0
0.45,0.0,0.0,0.0,0.0,1.0
0.5,0.0,0.0,0.0,0.0,1.0
0.55,0.0,0.0,0.0,0.0,1.0
0.6,0.0,0.0,0.0,0.0,1.0
