frac_removed,gcc_frac,V,Lambda,Rect,motif_drift
0.0,1.0,0.5714285714285714,0.38095238095238093,0.047619047619047616,0.0
0.09090909090909091,0.5,0.2857142857142857,0.5714285714285714,0.14285714285714285,0.28571428571428575
0.18181818181818182,0.3333333333333333,0.0,1.0,0.0,0.6190476190476191
0.2727272727272727,0.25,0.0,0.0,0.0,1.0
0.36363636363636365,0.2857142857142857,0.0,0.0,0.0,1.0
0.45454545454545453,0.0,0.0,0.0,0.0,1.0
0.5454545454545454,0.0,0.0,0.0,0.0,1.0
0.6,0.0,0.0,0.0,0.0,1.0
