frac_removed,gcc_frac,V,Lambda,Rect,motif_drift
0.0,1.0,0.8571428571428571,0.14285714285714285,0.0,0.0
0.16666666666666666,0.4,0.0,0.0,0.0,1.0
0.3333333333333333,0.0,0.0,0.0,0.0,1.0
0.5,0.0,0.0,0.0,0.0,1.0
0.6,0.0,0.0,0.0,0.0,1.0
