frac_removed,gcc_frac,V,Lambda,Rect,motif_drift
0.0,1.0,0.6265060240963856,0.26506024096385544,0.10843373493975904,0.0
0.05555555555555555,0.5882352941176471,0.42105263157894735,0.39473684210526316,0.18421052631578946,0.2054533925174382
0.1111111111111111,0.4375,0.5333333333333333,0.3333333333333333,0.13333333333333333,0.09317269076305221
0.16666666666666666,0.3333333333333333,0.6666666666666666,0.3333333333333333,0.0,0.108433734939759
0.2222222222222222,0.14285714285714285,0.0,0.0,0.0,1.0
0.2777777777777778,0.15384615384615385,0.0,0.0,0.0,1.0
0.3333333333333333,0.0,0.0,0.0,0.0,1.0
0.3888888888888889,0.0,0.0,0.0,0.0,1.0
0.4444444444444444,0.0,0.0,0.0,0.0,1.0
0.5,0.0,0.0,0.0,0.0,1.0
0.5555555555555556,0.0,0.0,0.0,0.0,1.0
0.6,0.0,0.0,0.0,0.0,1.0
