frac_removed,gcc_frac,V,Lambda,Rect,motif_drift
0.0,0.6666666666666666,0.4,0.6,0.0,0.0
0.08333333333333333,0.2727272727272727,1.0,0.0,0.0,0.6
0.16666666666666666,0.2,0.0,0.0,0.0,1.0
0.25,0.2222222222222222,0.0,0.0,0.0,1.0
0.3333333333333333,0.25,0.0,0.0,0.0,1.0
0.4166666666666667,0.0,0.0,0.0,0.0,1.0
0.5,0.0,0.0,0.0,0.0,1.0
0.5833333333333334,0.0,0.0,0.0,0.0,1.0
0.6,0.0,0.0,0.0,0.0,1.0
