frac_removed,gcc_frac,V,Lambda,Rect,motif_drift
0.0,1.0,0.8484848484848485,0.12121212121212122,0.030303030303030304,0.0
0.07692307692307693,0.5833333333333334,0.875,0.125,0.0,0.03030303030303029
0.15384615384615385,0.2727272727272727,1.0,0.0,0.0,0.1515151515151515
0.23076923076923078,0.0,0.0,0.0,0.0,1.0
0.3076923076923077,0.0,0.0,0.0,0.0,1.0
0.38461538461538464,0.0,0.0,0.0,0.0,1.0
0.46153846153846156,0.0,0.0,0.0,0.0,1.0
0.5384615384615384,0.0,0.0,0.0,0.0,1.0
0.6,0.0,0.0,0.0,0.0,1.0
