frac_removed,gcc_frac,V,Lambda,Rect,motif_drift
0.0,1.0,0.8333333333333334,0.16666666666666666,0.0,0.0
0.07692307692307693,0.75,0.8181818181818182,0.18181818181818182,0.0,0.015151515151515152
0.15384615384615385,0.45454545454545453,0.75,0.25,0.0,0.08333333333333336
0.23076923076923078,0.2,0.0,0.0,0.0,1.0
0.3076923076923077,0.0,0.0,0.0,0.0,1.0
0.38461538461538464,0.0,0.0,0.0,0.0,1.0
0.46153846153846156,0.0,0.0,0.0,0.0,1.0
0.5384615384615384,0.0,0.0,0.0,0.0,1.0
0.6,0.0,0.0,0.0,0.0,1.0
