frac_removed,gcc_frac,V,Lambda,Rect,motif_drift
0.0,0.875,0.9302325581395349,0.06976744186046512,0.0,0.0
0.0625,0.4,0.8,0.2,0.0,0.13023255813953485
0.125,0.21428571428571427,1.0,0.0,0.0,0.06976744186046514
0.1875,0.15384615384615385,0.0,0.0,0.0,1.0
0.25,0.0,0.0,0.0,0.0,1.0
0.3125,0.0,0.0,0.0,0.0,1.0
0.375,0.0,0.0,0.0,0.0,1.0
0.4375,0.0,0.0,0.0,0.0,1.0
0.5,0.0,0.0,0.0,0.0,1.0
0.5625,0.0,0.0,0.0,0.0,1.0
0.6,0.0,0.0,0.0,0.0,1.0
