frac_removed,gcc_frac,V,Lambda,Rect,motif_drift
0.0,1.0,0.48735632183908045,0.335632183908046,0.17701149425287357,0.0
0.043478260869565216,0.7727272727272727,0.5467980295566502,0.3251231527093596,0.12807881773399016,0.059441707717569806
0.08695652173913043,0.6190476190476191,0.6125,0.35,0.0375,0.13951149425287357
0.13043478260869565,0.5,0.55,0.425,0.025,0.15201149425287358
0.17391304347826086,0.2894736842105263,0.6363636363636364,0.36363636363636365,0.0,0.17701149425287355
0.21739130434782608,0.1388888888888889,0.8,0.2,0.0,0.3126436781609196
0.2608695652173913,0.08823529411764706,1.0,0.0,0.0,0.5126436781609196
0.30434782608695654,0.0625,0.0,0.0,0.0,1.0
0.34782608695652173,0.06666666666666667,0.0,0.0,0.0,1.0
0.391304347826087,0.07142857142857142,0.0,0.0,0.0,1.0
0.43478260869565216,0.07692307692307693,0.0,0.0,0.0,1.0
0.4782608695652174,0.08333333333333333,0.0,0.0,0.0,1.0
0.5217391304347826,0.09090909090909091,0.0,0.0,0.0,1.0
0.5652173913043478,0.0,0.0,0.0,0.0,1.0
0.6,0.0,0.0,0.0,0.0,1.0
