frac_removed,gcc_frac,V,Lambda,Rect,motif_drift
0.0,0.8125,0.075,0.925,0.0,0.0
0.0625,0.2,0.5,0.5,0.0,0.42500000000000004
0.125,0.21428571428571427,0.0,1.0,0.0,0.07499999999999998
0.1875,0.15384615384615385,0.0,0.0,0.0,1.0
0.25,0.0,0.0,0.0,0.0,1.0
0.3125,0.0,0.0,0.0,0.0,1.0
0.375,0.0,0.0,0.0,0.0,1.0
0.4375,0.0,0.0,0.0,0.0,1.0
0.5,0.0,0.0,0.0,0.0,1.0
0.5625,0.0,0.0,0.0,0.0,1.0
0.6,0.0,0.0,0.0,0.0,1.0
