frac_removed,gcc_frac,V,Lambda,Rect,motif_drift
0.0,0.4,1.0,0.0,0.0,0.0
0.1,0.2222222222222222,0.0,0.0,0.0,1.0
0.2,0.25,0.0,0.0,0.0,1.0
0.3,0.2857142857142857,0.0,0.0,0.0,1.0
0.4,0.0,0.0,0.0,0.0,1.0
0.5,0.0,0.0,0.0,0.0,1.0
0.6,0.0,0.0,0.0,0.0,1.0
