frac_removed,gcc_frac,V,Lambda,Rect,motif_drift
0.0,0.4,1.0,0.0,0.0,0.0
0.1,0.4444444444444444,1.0,0.0,0.0,0.0
0.2,0.375,1.0,0.0,0.0,0.0
0.3,0.42857142857142855,1.0,0.0,0.0,0.0
0.4,0.5,1.0,0.0,0.0,0.0
0.5,0.6,1.0,0.0,0.0,0.0
0.6,0.5,0.0,0.0,0.0,1.0
