frac_removed,gcc_frac,V,Lambda,Rect,motif_drift
0.0,1.0,0.9,0.1,0.0,0.0
0.125,0.5714285714285714,1.0,0.0,0.0,0.09999999999999999
0.25,0.0,0.0,0.0,0.0,1.0
0.375,0.0,0.0,0.0,0.0,1.0
0.5,0.0,0.0,0.0,0.0,1.0
0.6,0.0,0.0,0.0,0.0,1.0
