frac_removed,gcc_frac,V,Lambda,Rect,motif_drift
0.0,0.6521739130434783,0.07317073170731707,0.926829268292683,0.0,0.0
0.043478260869565216,0.13636363636363635,0.0,1.0,0.0,0.07317073170731705
0.08695652173913043,0.14285714285714285,0.0,1.0,0.0,0.07317073170731705
0.13043478260869565,0.1,0.0,0.0,0.0,1.0
0.17391304347826086,0.10526315789473684,0.0,0.0,0.0,1.0
0.21739130434782608,0.1111111111111111,0.0,0.0,0.0,1.0
0.2608695652173913,0.11764705882352941,0.0,0.0,0.0,1.0
0.30434782608695654,0.125,0.0,0.0,0.0,1.0
0.34782608695652173,0.13333333333333333,0.0,0.0,0.0,1.0
0.391304347826087,0.14285714285714285,0.0,0.0,0.0,1.0
0.43478260869565216,0.15384615384615385,0.0,0.0,0.0,1.0
0.4782608695652174,0.16666666666666666,0.0,0.0,0.0,1.0
0.5217391304347826,0.18181818181818182,0.0,0.0,0.0,1.0
0.5652173913043478,0.2,0.0,0.0,0.0,1.0
0.6,0.2222222222222222,0.0,0.0,0.0,1.0
