frac_removed,gcc_frac,V,Lambda,Rect,motif_drift
0.0,0.7692307692307693,0.46153846153846156,0.5384615384615384,0.0,0.0
0.07692307692307693,0.25,0.6666666666666666,0.3333333333333333,0.0,0.2051282051282051
0.15384615384615385,0.2727272727272727,0.5,0.5,0.0,0.038461538461538436
0.23076923076923078,0.3,0.0,1.0,0.0,0.46153846153846156
0.3076923076923077,0.2222222222222222,0.0,0.0,0.0,1.0
0.38461538461538464,0.0,0.0,0.0,0.0,1.0
0.46153846153846156,0.0,0.0,0.0,0.0,1.0
0.5384615384615384,0.0,0.0,0.0,0.0,1.0
0.6,0.0,0.0,0.0,0.0,1.0
