frac_removed,gcc_frac,V,Lambda,Rect,motif_drift
0.0,0.75,0.25,0.75,0.0,0.0
0.0625,0.26666666666666666,1.0,0.0,0.0,0.75
0.125,0.14285714285714285,0.0,0.0,0.0,1.0
0.1875,0.15384615384615385,0.0,0.0,0.0,1.0
0.25,0.16666666666666666,0.0,0.0,0.0,1.0
0.3125,0.0,0.0,0.0,0.0,1.0
0.375,0.0,0.0,0.0,0.0,1.0
0.4375,0.0,0.0,0.0,0.0,1.0
0.5,0.0,0.0,0.0,0.0,1.0
0.5625,0.0,0.0,0.0,0.0,1.0
0.6,0.0,0.0,0.0,0.0,1.0
