frac_removed,gcc_frac,V,Lambda,Rect,motif_drift
0.0,0.375,1.0,0.0,0.0,0.0
0.125,0.42857142857142855,1.0,0.0,0.0,0.0
0.25,0.3333333333333333,0.0,0.0,0.0,1.0
0.375,0.0,0.0,0.0,0.0,1.0
0.5,0.0,0.0,0.0,0.0,1.0
0.6,0.0,0.0,0.0,0.0,1.0
