frac_removed,gcc_frac,V,Lambda,Rect,motif_drift
0.0,0.7777777777777778,0.9090909090909091,0.09090909090909091,0.0,0.0
0.1111111111111111,0.25,0.0,0.0,0.0,1.0
0.2222222222222222,0.2857142857142857,0.0,0.0,0.0,1.0
0.3333333333333333,0.3333333333333333,0.0,0.0,0.0,1.0
0.4444444444444444,0.4,0.0,0.0,0.0,1.0
0.5555555555555556,0.0,0.0,0.0,0.0,1.0
0.6,0.0,0.0,0.0,0.0,1.0
