frac_removed,gcc_frac,V,Lambda,Rect,motif_drift
0.0,1.0,0.0,1.0,0.0,0.0
0.05714285714285714,0.0,0.0,0.0,0.0,1.0
0.11428571428571428,0.0,0.0,0.0,0.0,1.0
0.17142857142857143,0.0,0.0,0.0,0.0,1.0
0.22857142857142856,0.0,0.0,0.0,0.0,1.0
0.2857142857142857,0.0,0.0,0.0,0.0,1.0
0.34285714285714286,0.0,0.0,0.0,0.0,1.0
0.4,0.0,0.0,0.0,0.0,1.0
0.45714285714285713,0.0,0.0,0.0,0.0,1.0
0.5142857142857142,0.0,0.0,0.0,0.0,1.0
0.5714285714285714,0.0,0.0,0.0,0.0,1.0
0.6,0.0,0.0,0.0,0.0,1.0
