frac_removed,gcc_frac,V,Lambda,Rect,motif_drift
0.0,1.0,0.3283582089552239,0.6567164179104478,0.014925373134328358,0.0
0.041666666666666664,0.5652173913043478,0.45161290322580644,0.5161290322580645,0.03225806451612903,0.14058738565238324
0.08333333333333333,0.3181818181818182,0.875,0.125,0.0,0.5466417910447762
0.125,0.14285714285714285,1.0,0.0,0.0,0.6716417910447762
0.16666666666666666,0.1,0.0,0.0,0.0,1.0
0.20833333333333334,0.10526315789473684,0.0,0.0,0.0,1.0
0.25,0.1111111111111111,0.0,0.0,0.0,1.0
0.2916666666666667,0.11764705882352941,0.0,0.0,0.0,1.0
0.3333333333333333,0.125,0.0,0.0,0.0,1.0
0.375,0.13333333333333333,0.0,0.0,0.0,1.0
0.4166666666666667,0.14285714285714285,0.0,0.0,0.0,1.0
0.4583333333333333,0.15384615384615385,0.0,0.0,0.0,1.0
0.5,0.16666666666666666,0.0,0.0,0.0,1.0
0.5416666666666666,0.18181818181818182,0.0,0.0,0.0,1.0
0.5833333333333334,0.2,0.0,0.0,0.0,1.0
0.6,0.0,0.0,0.0,0.0,1.0
