frac_removed,gcc_frac,V,Lambda,Rect,motif_drift
0.0,0.7333333333333333,0.9487179487179487,0.05128205128205128,0.0,0.0
0.06666666666666667,0.2857142857142857,0.5,0.5,0.0,0.4487179487179487
0.13333333333333333,0.15384615384615385,0.0,0.0,0.0,1.0
0.2,0.16666666666666666,0.0,0.0,0.0,1.0
0.26666666666666666,0.0,0.0,0.0,0.0,1.0
0.3333333333333333,0.0,0.0,0.0,0.0,1.0
0.4,0.0,0.0,0.0,0.0,1.0
0.4666666666666667,0.0,0.0,0.0,0.0,1.0
0.5333333333333333,0.0,0.0,0.0,0.0,1.0
0.6,0.0,0.0,0.0,0.0,1.0
