frac_removed,gcc_frac,V,Lambda,Rect,motif_drift
0.0,1.0,0.35,0.65,0.0,0.0
0.08333333333333333,0.5454545454545454,0.23076923076923078,0.7692307692307693,0.0,0.11923076923076922
0.16666666666666666,0.4,1.0,0.0,0.0,0.65
0.25,0.0,0.0,0.0,0.0,1.0
0.3333333333333333,0.0,0.0,0.0,0.0,1.0
0.4166666666666667,0.0,0.0,0.0,0.0,1.0
0.5,0.0,0.0,0.0,0.0,1.0
0.5833333333333334,0.0,0.0,0.0,0.0,1.0
0.6,0.0,0.0,0.0,0.0,1.0
