frac_removed,gcc_frac,V,Lambda,Rect,motif_drift
0.0,1.0,0.0,1.0,0.0,0.0
0.05555555555555555,1.0,0.0,1.0,0.0,0.0
0.1111111111111111,1.0,0.0,1.0,0.0,0.0
0.16666666666666666,1.0,0.0,1.0,0.0,0.0
0.2222222222222222,1.0,0.0,1.0,0.0,0.0
0.2777777777777778,1.0,0.0,1.0,0.0,0.0
0.3333333333333333,1.0,0.0,1.0,0.0,0.0
0.3888888888888889,1.0,0.0,1.0,0.0,0.0
0.4444444444444444,1.0,0.0,1.0,0.0,0.0
0.5,0.0,0.0,0.0,0.0,1.0
0.5555555555555556,0.0,0.0,0.0,0.0,1.0
0.6,0.0,0.0,0.0,0.0,1.0
