frac_removed,gcc_frac,V,Lambda,Rect,motif_drift
0.0,0.5714285714285714,1.0,0.0,0.0,0.0
0.14285714285714285,0.6666666666666666,1.0,0.0,0.0,0.0
0.2857142857142857,0.8,1.0,0.0,0.0,0.0
0.42857142857142855,1.0,1.0,0.0,0.0,0.0
0.5714285714285714,0.0,0.0,0.0,0.0,1.0
0.6,0.0,0.0,0.0,0.0,1.0
