frac_removed,gcc_frac,V,Lambda,Rect,motif_drift
0.0,0.5,0.15789473684210525,0.8421052631578947,0.0,0.0
0.07142857142857142,0.3076923076923077,0.75,0.25,0.0,0.5921052631578947
0.14285714285714285,0.25,0.0,1.0,0.0,0.15789473684210528
0.21428571428571427,0.0,0.0,0.0,0.0,1.0
0.2857142857142857,0.0,0.0,0.0,0.0,1.0
0.35714285714285715,0.0,0.0,0.0,0.0,1.0
0.42857142857142855,0.0,0.0,0.0,0.0,1.0
0.5,0.0,0.0,0.0,0.0,1.0
0.5714285714285714,0.0,0.0,0.0,0.0,1.0
0.6,0.0,0.0,0.0,0.0,1.0
