frac_removed,gcc_frac,V,Lambda,Rect,motif_drift
0.0,1.0,0.35294117647058826,0.6470588235294118,0.0,0.0
0.1,0.5555555555555556,0.75,0.25,0.0,0.3970588235294118
0.2,0.25,0.0,0.0,0.0,1.0
0.3,0.0,0.0,0.0,0.0,1.0
0.4,0.0,0.0,0.0,0.0,1.0
0.5,0.0,0.0,0.0,0.0,1.0
0.6,0.0,0.0,0.0,0.0,1.0
