frac_removed,gcc_frac,V,Lambda,Rect,motif_drift
0.0,1.0,0.2222222222222222,0.7222222222222222,0.05555555555555555,0.0
0.09090909090909091,0.8,0.2222222222222222,0.7777777777777778,0.0,0.055555555555555566
0.18181818181818182,0.4444444444444444,0.5,0.5,0.0,0.2777777777777778
0.2727272727272727,0.25,0.0,0.0,0.0,1.0
0.36363636363636365,0.0,0.0,0.0,0.0,1.0
0.45454545454545453,0.0,0.0,0.0,0.0,1.0
0.5454545454545454,0.0,0.0,0.0,0.0,1.0
0.6,0.0,0.0,0.0,0.0,1.0
