frac_removed,gcc_frac,V,Lambda,Rect,motif_drift
0.0,1.0,0.1989247311827957,0.6039426523297491,0.1971326164874552,0.0
0.044444444444444446,0.7906976744186046,0.27932960893854747,0.6256983240223464,0.09497206703910614,0.10216054944834907
0.08888888888888889,0.5365853658536586,0.3880597014925373,0.5373134328358209,0.07462686567164178,0.18913497030974163
0.13333333333333333,0.358974358974359,0.5555555555555556,0.4444444444444444,0.0,0.35663082437275984
0.17777777777777778,0.08108108108108109,0.5,0.5,0.0,0.3010752688172043
0.2222222222222222,0.05714285714285714,0.0,0.0,0.0,1.0
0.26666666666666666,0.06060606060606061,0.0,0.0,0.0,1.0
0.3111111111111111,0.06451612903225806,0.0,0.0,0.0,1.0
0.35555555555555557,0.0,0.0,0.0,0.0,1.0
0.4,0.0,0.0,0.0,0.0,1.0
0.4444444444444444,0.0,0.0,0.0,0.0,1.0
0.4888888888888889,0.0,0.0,0.0,0.0,1.0
0.5333333333333333,0.0,0.0,0.0,0.0,1.0
0.5777777777777777,0.0,0.0,0.0,0.0,1.0
0.6,0.0,0.0,0.0,0.0,1.0
